,country,max,month
0,Afghanistan,Get Out,1
1,Albania,Call Me by Your Name,1
2,Algeria,Get Out,1
3,Andorra,Dunkirk,1
4,Angola,Dunkirk,1
5,Antigua and Barbuda,no_searches,1
6,Argentina,Dunkirk,1
7,Armenia,Dunkirk,1
8,Australia,Get Out,1
9,Austria,Get Out,1
10,Azerbaijan,no_searches,1
11,Bahrain,Get Out,1
12,Bangladesh,Get Out,1
13,Barbados,Get Out,1
14,Belarus,Get Out,1
15,Belgium,Get Out,1
16,Belize,Get Out,1
17,Benin,no_searches,1
18,Bhutan,no_searches,1
19,Bolivia,Get Out,1
20,Bosnia and Herzegovina,Get Out,1
21,Botswana,Get Out,1
22,Brazil,Get Out,1
23,Brunei,Get Out,1
24,Bulgaria,Get Out,1
25,Burkina Faso,Get Out,1
26,Burundi,no_searches,1
27,Cambodia,Get Out,1
28,Cameroon,Lady Bird,1
29,Canada,Get Out,1
30,Cape Verde,Get Out,1
31,Caribbean Netherlands,no_searches,1
32,Central African Republic,no_searches,1
33,Chad,Dunkirk,1
34,Chile,Get Out,1
35,China,Get Out,1
36,Colombia,Dunkirk,1
37,Comoros,no_searches,1
38,Costa Rica,Dunkirk,1
39,Croatia,Get Out,1
40,Cuba,no_searches,1
41,Cyprus,Get Out,1
42,Czech Republic,Dunkirk,1
43,Côte d'Ivoire,Get Out,1
44,Democratic Republic of the Congo,Dunkirk,1
45,Denmark,Get Out,1
46,Djibouti,no_searches,1
47,Dominica,Get Out,1
48,Dominican Republic,Get Out,1
49,Ecuador,Dunkirk,1
50,Egypt,Dunkirk,1
51,El Salvador,Get Out,1
52,Equatorial Guinea,no_searches,1
53,Eritrea,no_searches,1
54,Estonia,Get Out,1
55,Ethiopia,Dunkirk,1
56,Federated States of Micronesia,no_searches,1
57,Fiji,Get Out,1
58,Finland,Get Out,1
59,France,Dunkirk,1
60,Gabon,no_searches,1
61,Georgia,Get Out,1
62,Germany,Get Out,1
63,Ghana,Get Out,1
64,Greenland,no_searches,1
65,Grenada,Get Out,1
66,Guatemala,Dunkirk,1
67,Guinea,no_searches,1
68,Guinea-Bissau,no_searches,1
69,Guyana,Get Out,1
70,Haiti,Get Out,1
71,Honduras,Get Out,1
72,Hungary,Dunkirk,1
73,Iceland,Get Out,1
74,India,Get Out,1
75,Indonesia,Dunkirk,1
76,Iran,Get Out,1
77,Iraq,Get Out,1
78,Israel,Get Out,1
79,Italy,Dunkirk,1
80,Jamaica,Get Out,1
81,Japan,Get Out,1
82,Jordan,Get Out,1
83,Kazakhstan,Get Out,1
84,Kiribati,no_searches,1
85,Kuwait,Get Out,1
86,Kyrgyzstan,Get Out,1
87,Laos,Get Out,1
88,Latvia,Get Out,1
89,Lebanon,Get Out,1
90,Lesotho,Get Out,1
91,Liberia,Lady Bird,1
92,Libya,Get Out,1
93,Liechtenstein,no_searches,1
94,Lithuania,Dunkirk,1
95,Luxembourg,Get Out,1
96,Macedonia (FYROM,Get Out,1
97,Madagascar,no_searches,1
98,Malawi,Get Out,1
99,Malaysia,Lady Bird,1
100,Maldives,Get Out,1
101,Mali,no_searches,1
102,Marshall Islands,no_searches,1
103,Mauritania,no_searches,1
104,Mauritius,Get Out,1
105,Mexico,Get Out,1
106,Moldova,Dunkirk,1
107,Mongolia,Get Out,1
108,Montenegro,Get Out,1
109,Morocco,Get Out,1
110,Mozambique,Dunkirk,1
111,Myanmar (Burma,Darkest Hour,1
112,Namibia,Get Out,1
113,Nauru,no_searches,1
114,Nepal,Dunkirk,1
115,Netherlands,Get Out,1
116,New Zealand,Get Out,1
117,Nicaragua,Get Out,1
118,Niger,no_searches,1
119,Nigeria,Get Out,1
120,Niue,no_searches,1
121,North Korea,no_searches,1
122,Norway,Get Out,1
123,Oman,Get Out,1
124,Pakistan,Get Out,1
125,Palau,no_searches,1
126,Panama,Dunkirk,1
127,Papua New Guinea,no_searches,1
128,Paraguay,Get Out,1
129,Peru,Dunkirk,1
130,Philippines,Get Out,1
131,Poland,Get Out,1
132,Portugal,Get Out,1
133,Qatar,Get Out,1
134,Republic of the Congo,Dunkirk,1
135,Romania,Get Out,1
136,Russia,Get Out,1
137,Rwanda,Get Out,1
138,Saint Helena Ascension and Tristan da Cunha,Get Out,1
139,Saint Kitts and Nevis,Dunkirk,1
140,Saint Lucia,Get Out,1
141,Saint Vincent and the Grenadines,Get Out,1
142,Samoa,no_searches,1
143,San Marino,no_searches,1
144,Saudi Arabia,Get Out,1
145,Senegal,Get Out,1
146,Serbia,Get Out,1
147,Seychelles,Get Out,1
148,Sierra Leone,Get Out,1
149,Slovakia,Get Out,1
150,Solomon Islands,no_searches,1
151,Somalia,Dunkirk,1
152,South Africa,Get Out,1
153,South Korea,Dunkirk,1
154,South Sudan,Get Out,1
155,Spain,Dunkirk,1
156,Sri Lanka,Get Out,1
157,Sudan,Get Out,1
158,Suriname,no_searches,1
159,Swaziland,Dunkirk,1
160,Sweden,Get Out,1
161,Switzerland,Get Out,1
162,Syria,Get Out,1
163,São Tomé and Príncipe,no_searches,1
164,Taiwan,Get Out,1
165,Tajikistan,Get Out,1
166,Tanzania,Dunkirk,1
167,Thailand,Get Out,1
168,The Bahamas,no_searches,1
169,The Gambia,Get Out,1
170,Timor-Leste,no_searches,1
171,Togo,no_searches,1
172,Tonga,Get Out,1
173,Trinidad and Tobago,Get Out,1
174,Tunisia,Get Out,1
175,Turkey,Dunkirk,1
176,Turkmenistan,no_searches,1
177,Tuvalu,no_searches,1
178,Uganda,Lady Bird,1
179,Ukraine,Dunkirk,1
180,United Arab Emirates,Get Out,1
181,United Kingdom,Get Out,1
182,United States,Get Out,1
183,Uruguay,Get Out,1
184,Uzbekistan,no_searches,1
185,Vanuatu,no_searches,1
186,Venezuela,Get Out,1
187,Vietnam,Get Out,1
188,Wallis and Futuna,no_searches,1
189,Yemen,Lady Bird,1
190,Zambia,Get Out,1
191,Zimbabwe,Get Out,1
192,Afghanistan,Get Out,2
193,Albania,Get Out,2
194,Algeria,Get Out,2
195,Andorra,Darkest Hour,2
196,Angola,Get Out,2
197,Antigua and Barbuda,Get Out,2
198,Argentina,Get Out,2
199,Armenia,Get Out,2
200,Australia,Get Out,2
201,Austria,Get Out,2
202,Azerbaijan,no_searches,2
203,Bahrain,Get Out,2
204,Bangladesh,Get Out,2
205,Barbados,Get Out,2
206,Belarus,Get Out,2
207,Belgium,Get Out,2
208,Belize,Get Out,2
209,Benin,no_searches,2
210,Bhutan,no_searches,2
211,Bolivia,Get Out,2
212,Bosnia and Herzegovina,Get Out,2
213,Botswana,Get Out,2
214,Brazil,Get Out,2
215,Brunei,Get Out,2
216,Bulgaria,Get Out,2
217,Burkina Faso,no_searches,2
218,Burundi,no_searches,2
219,Cambodia,Get Out,2
220,Cameroon,Get Out,2
221,Canada,Get Out,2
222,Cape Verde,no_searches,2
223,Caribbean Netherlands,Call Me by Your Name,2
224,Central African Republic,no_searches,2
225,Chad,no_searches,2
226,Chile,Dunkirk,2
227,China,Call Me by Your Name,2
228,Colombia,Dunkirk,2
229,Comoros,no_searches,2
230,Costa Rica,Get Out,2
231,Croatia,Get Out,2
232,Cuba,no_searches,2
233,Cyprus,Get Out,2
234,Czech Republic,Get Out,2
235,Côte d'Ivoire,Dunkirk,2
236,Democratic Republic of the Congo,Get Out,2
237,Denmark,Get Out,2
238,Djibouti,Dunkirk,2
239,Dominica,Get Out,2
240,Dominican Republic,Dunkirk,2
241,Ecuador,Get Out,2
242,Egypt,Get Out,2
243,El Salvador,Get Out,2
244,Equatorial Guinea,no_searches,2
245,Eritrea,no_searches,2
246,Estonia,Darkest Hour,2
247,Ethiopia,Get Out,2
248,Federated States of Micronesia,no_searches,2
249,Fiji,Get Out,2
250,Finland,Get Out,2
251,France,Get Out,2
252,Gabon,no_searches,2
253,Georgia,Dunkirk,2
254,Germany,Get Out,2
255,Ghana,Get Out,2
256,Greenland,no_searches,2
257,Grenada,Get Out,2
258,Guatemala,Get Out,2
259,Guinea,no_searches,2
260,Guinea-Bissau,no_searches,2
261,Guyana,Get Out,2
262,Haiti,Get Out,2
263,Honduras,Get Out,2
264,Hungary,Get Out,2
265,Iceland,Get Out,2
266,India,Get Out,2
267,Indonesia,Get Out,2
268,Iran,Get Out,2
269,Iraq,Get Out,2
270,Israel,Get Out,2
271,Italy,Get Out,2
272,Jamaica,Get Out,2
273,Japan,Get Out,2
274,Jordan,Dunkirk,2
275,Kazakhstan,Get Out,2
276,Kiribati,no_searches,2
277,Kuwait,Get Out,2
278,Kyrgyzstan,Get Out,2
279,Laos,no_searches,2
280,Latvia,Get Out,2
281,Lebanon,Get Out,2
282,Lesotho,Get Out,2
283,Liberia,no_searches,2
284,Libya,Get Out,2
285,Liechtenstein,no_searches,2
286,Lithuania,Get Out,2
287,Luxembourg,Get Out,2
288,Macedonia (FYROM,Get Out,2
289,Madagascar,Darkest Hour,2
290,Malawi,Dunkirk,2
291,Malaysia,Get Out,2
292,Maldives,Get Out,2
293,Mali,no_searches,2
294,Marshall Islands,no_searches,2
295,Mauritania,Dunkirk,2
296,Mauritius,Get Out,2
297,Mexico,Get Out,2
298,Moldova,Get Out,2
299,Mongolia,Get Out,2
300,Montenegro,Get Out,2
301,Morocco,Get Out,2
302,Mozambique,Get Out,2
303,Myanmar (Burma,Get Out,2
304,Namibia,Dunkirk,2
305,Nauru,no_searches,2
306,Nepal,Get Out,2
307,Netherlands,Get Out,2
308,New Zealand,Get Out,2
309,Nicaragua,Get Out,2
310,Niger,Get Out,2
311,Nigeria,Get Out,2
312,Niue,no_searches,2
313,North Korea,no_searches,2
314,Norway,Get Out,2
315,Oman,Get Out,2
316,Pakistan,Get Out,2
317,Palau,no_searches,2
318,Panama,Dunkirk,2
319,Papua New Guinea,Get Out,2
320,Paraguay,Dunkirk,2
321,Peru,Dunkirk,2
322,Philippines,Get Out,2
323,Poland,Get Out,2
324,Portugal,Get Out,2
325,Qatar,Get Out,2
326,Republic of the Congo,no_searches,2
327,Romania,Get Out,2
328,Russia,Get Out,2
329,Rwanda,Get Out,2
330,Saint Helena Ascension and Tristan da Cunha,Get Out,2
331,Saint Kitts and Nevis,Get Out,2
332,Saint Lucia,Get Out,2
333,Saint Vincent and the Grenadines,Get Out,2
334,Samoa,Get Out,2
335,San Marino,Dunkirk,2
336,Saudi Arabia,Get Out,2
337,Senegal,Get Out,2
338,Serbia,Get Out,2
339,Seychelles,Get Out,2
340,Sierra Leone,Get Out,2
341,Slovakia,Get Out,2
342,Solomon Islands,Darkest Hour,2
343,Somalia,Get Out,2
344,South Africa,Get Out,2
345,South Korea,Get Out,2
346,South Sudan,no_searches,2
347,Spain,Get Out,2
348,Sri Lanka,Get Out,2
349,Sudan,Get Out,2
350,Suriname,Get Out,2
351,Swaziland,no_searches,2
352,Sweden,Get Out,2
353,Switzerland,Get Out,2
354,Syria,Get Out,2
355,São Tomé and Príncipe,Get Out,2
356,Taiwan,Get Out,2
357,Tajikistan,no_searches,2
358,Tanzania,no_searches,2
359,Thailand,Get Out,2
360,The Bahamas,Get Out,2
361,The Gambia,Get Out,2
362,Timor-Leste,Get Out,2
363,Togo,no_searches,2
364,Tonga,no_searches,2
365,Trinidad and Tobago,Get Out,2
366,Tunisia,Get Out,2
367,Turkey,Get Out,2
368,Turkmenistan,no_searches,2
369,Tuvalu,no_searches,2
370,Uganda,Lady Bird,2
371,Ukraine,Get Out,2
372,United Arab Emirates,Get Out,2
373,United Kingdom,Get Out,2
374,United States,Get Out,2
375,Uruguay,Dunkirk,2
376,Uzbekistan,no_searches,2
377,Vanuatu,no_searches,2
378,Venezuela,Dunkirk,2
379,Vietnam,Get Out,2
380,Wallis and Futuna,no_searches,2
381,Yemen,Dunkirk,2
382,Zambia,Get Out,2
383,Zimbabwe,Get Out,2
384,Afghanistan,Get Out,3
385,Albania,Get Out,3
386,Algeria,Get Out,3
387,Andorra,Get Out,3
388,Angola,Get Out,3
389,Antigua and Barbuda,Get Out,3
390,Argentina,Get Out,3
391,Armenia,Get Out,3
392,Australia,Get Out,3
393,Austria,Get Out,3
394,Azerbaijan,Dunkirk,3
395,Bahrain,Get Out,3
396,Bangladesh,Get Out,3
397,Barbados,Get Out,3
398,Belarus,Get Out,3
399,Belgium,Get Out,3
400,Belize,Get Out,3
401,Benin,Get Out,3
402,Bhutan,Get Out,3
403,Bolivia,Get Out,3
404,Bosnia and Herzegovina,Darkest Hour,3
405,Botswana,Get Out,3
406,Brazil,Get Out,3
407,Brunei,Get Out,3
408,Bulgaria,Get Out,3
409,Burkina Faso,no_searches,3
410,Burundi,no_searches,3
411,Cambodia,Get Out,3
412,Cameroon,Get Out,3
413,Canada,Get Out,3
414,Cape Verde,Get Out,3
415,Caribbean Netherlands,Dunkirk,3
416,Central African Republic,no_searches,3
417,Chad,no_searches,3
418,Chile,Get Out,3
419,China,Get Out,3
420,Colombia,Get Out,3
421,Comoros,no_searches,3
422,Costa Rica,Get Out,3
423,Croatia,Get Out,3
424,Cuba,Get Out,3
425,Cyprus,Get Out,3
426,Czech Republic,Get Out,3
427,Côte d'Ivoire,Get Out,3
428,Democratic Republic of the Congo,Get Out,3
429,Denmark,Get Out,3
430,Djibouti,no_searches,3
431,Dominica,Get Out,3
432,Dominican Republic,Get Out,3
433,Ecuador,Get Out,3
434,Egypt,Get Out,3
435,El Salvador,Get Out,3
436,Equatorial Guinea,no_searches,3
437,Eritrea,no_searches,3
438,Estonia,Get Out,3
439,Ethiopia,Get Out,3
440,Federated States of Micronesia,Get Out,3
441,Fiji,Get Out,3
442,Finland,Get Out,3
443,France,Get Out,3
444,Gabon,no_searches,3
445,Georgia,Get Out,3
446,Germany,Get Out,3
447,Ghana,Get Out,3
448,Greenland,no_searches,3
449,Grenada,Get Out,3
450,Guatemala,Get Out,3
451,Guinea,Get Out,3
452,Guinea-Bissau,no_searches,3
453,Guyana,Get Out,3
454,Haiti,Get Out,3
455,Honduras,Get Out,3
456,Hungary,Get Out,3
457,Iceland,Get Out,3
458,India,Get Out,3
459,Indonesia,Get Out,3
460,Iran,Get Out,3
461,Iraq,Get Out,3
462,Israel,Get Out,3
463,Italy,Get Out,3
464,Jamaica,Get Out,3
465,Japan,Get Out,3
466,Jordan,Get Out,3
467,Kazakhstan,Get Out,3
468,Kiribati,no_searches,3
469,Kuwait,Get Out,3
470,Kyrgyzstan,Dunkirk,3
471,Laos,Get Out,3
472,Latvia,Get Out,3
473,Lebanon,Get Out,3
474,Lesotho,Get Out,3
475,Liberia,Get Out,3
476,Libya,Get Out,3
477,Liechtenstein,no_searches,3
478,Lithuania,Get Out,3
479,Luxembourg,Get Out,3
480,Macedonia (FYROM,Get Out,3
481,Madagascar,Get Out,3
482,Malawi,Get Out,3
483,Malaysia,Get Out,3
484,Maldives,Get Out,3
485,Mali,Dunkirk,3
486,Marshall Islands,Dunkirk,3
487,Mauritania,no_searches,3
488,Mauritius,Get Out,3
489,Mexico,Get Out,3
490,Moldova,Dunkirk,3
491,Mongolia,Get Out,3
492,Montenegro,Get Out,3
493,Morocco,Get Out,3
494,Mozambique,Get Out,3
495,Myanmar (Burma,Darkest Hour,3
496,Namibia,Get Out,3
497,Nauru,no_searches,3
498,Nepal,Get Out,3
499,Netherlands,Get Out,3
500,New Zealand,Get Out,3
501,Nicaragua,Get Out,3
502,Niger,no_searches,3
503,Nigeria,Get Out,3
504,Niue,no_searches,3
505,North Korea,no_searches,3
506,Norway,Get Out,3
507,Oman,Get Out,3
508,Pakistan,Get Out,3
509,Palau,no_searches,3
510,Panama,Get Out,3
511,Papua New Guinea,Get Out,3
512,Paraguay,Get Out,3
513,Peru,Get Out,3
514,Philippines,Get Out,3
515,Poland,Get Out,3
516,Portugal,Get Out,3
517,Qatar,Get Out,3
518,Republic of the Congo,no_searches,3
519,Romania,Get Out,3
520,Russia,Get Out,3
521,Rwanda,Get Out,3
522,Saint Helena Ascension and Tristan da Cunha,Get Out,3
523,Saint Kitts and Nevis,Get Out,3
524,Saint Lucia,Get Out,3
525,Saint Vincent and the Grenadines,Get Out,3
526,Samoa,Darkest Hour,3
527,San Marino,Dunkirk,3
528,Saudi Arabia,Get Out,3
529,Senegal,Get Out,3
530,Serbia,Get Out,3
531,Seychelles,Get Out,3
532,Sierra Leone,Get Out,3
533,Slovakia,Get Out,3
534,Solomon Islands,Get Out,3
535,Somalia,Get Out,3
536,South Africa,Get Out,3
537,South Korea,Get Out,3
538,South Sudan,no_searches,3
539,Spain,Get Out,3
540,Sri Lanka,Lady Bird,3
541,Sudan,Get Out,3
542,Suriname,Get Out,3
543,Swaziland,Get Out,3
544,Sweden,Get Out,3
545,Switzerland,Get Out,3
546,Syria,Dunkirk,3
547,São Tomé and Príncipe,no_searches,3
548,Taiwan,Get Out,3
549,Tajikistan,Get Out,3
550,Tanzania,Get Out,3
551,Thailand,Get Out,3
552,The Bahamas,Get Out,3
553,The Gambia,Get Out,3
554,Timor-Leste,Get Out,3
555,Togo,no_searches,3
556,Tonga,Get Out,3
557,Trinidad and Tobago,Get Out,3
558,Tunisia,Get Out,3
559,Turkey,Get Out,3
560,Turkmenistan,no_searches,3
561,Tuvalu,no_searches,3
562,Uganda,Get Out,3
563,Ukraine,Get Out,3
564,United Arab Emirates,Get Out,3
565,United Kingdom,Get Out,3
566,United States,Get Out,3
567,Uruguay,Get Out,3
568,Uzbekistan,Get Out,3
569,Vanuatu,Get Out,3
570,Venezuela,Get Out,3
571,Vietnam,Get Out,3
572,Wallis and Futuna,no_searches,3
573,Yemen,Get Out,3
574,Zambia,Get Out,3
575,Zimbabwe,Get Out,3
576,Afghanistan,Get Out,4
577,Albania,Get Out,4
578,Algeria,Get Out,4
579,Andorra,Dunkirk,4
580,Angola,Get Out,4
581,Antigua and Barbuda,Get Out,4
582,Argentina,Get Out,4
583,Armenia,Get Out,4
584,Australia,Get Out,4
585,Austria,Get Out,4
586,Azerbaijan,no_searches,4
587,Bahrain,Get Out,4
588,Bangladesh,Get Out,4
589,Barbados,Get Out,4
590,Belarus,Get Out,4
591,Belgium,Get Out,4
592,Belize,Get Out,4
593,Benin,no_searches,4
594,Bhutan,Get Out,4
595,Bolivia,Get Out,4
596,Bosnia and Herzegovina,Get Out,4
597,Botswana,Get Out,4
598,Brazil,Get Out,4
599,Brunei,Get Out,4
600,Bulgaria,Get Out,4
601,Burkina Faso,Get Out,4
602,Burundi,no_searches,4
603,Cambodia,Get Out,4
604,Cameroon,Get Out,4
605,Canada,Get Out,4
606,Cape Verde,Get Out,4
607,Caribbean Netherlands,no_searches,4
608,Central African Republic,no_searches,4
609,Chad,no_searches,4
610,Chile,Get Out,4
611,China,Get Out,4
612,Colombia,Darkest Hour,4
613,Comoros,no_searches,4
614,Costa Rica,Get Out,4
615,Croatia,Get Out,4
616,Cuba,Dunkirk,4
617,Cyprus,Get Out,4
618,Czech Republic,Get Out,4
619,Côte d'Ivoire,Get Out,4
620,Democratic Republic of the Congo,Get Out,4
621,Denmark,Get Out,4
622,Djibouti,Get Out,4
623,Dominica,Get Out,4
624,Dominican Republic,Get Out,4
625,Ecuador,Dunkirk,4
626,Egypt,Get Out,4
627,El Salvador,Get Out,4
628,Equatorial Guinea,no_searches,4
629,Eritrea,no_searches,4
630,Estonia,Get Out,4
631,Ethiopia,Get Out,4
632,Federated States of Micronesia,no_searches,4
633,Fiji,Get Out,4
634,Finland,Get Out,4
635,France,Get Out,4
636,Gabon,Get Out,4
637,Georgia,Dunkirk,4
638,Germany,Get Out,4
639,Ghana,Get Out,4
640,Greenland,Darkest Hour,4
641,Grenada,Get Out,4
642,Guatemala,Get Out,4
643,Guinea,Get Out,4
644,Guinea-Bissau,no_searches,4
645,Guyana,Get Out,4
646,Haiti,Get Out,4
647,Honduras,Get Out,4
648,Hungary,Get Out,4
649,Iceland,Get Out,4
650,India,Get Out,4
651,Indonesia,Get Out,4
652,Iran,Get Out,4
653,Iraq,Get Out,4
654,Israel,Get Out,4
655,Italy,Get Out,4
656,Jamaica,Get Out,4
657,Japan,Get Out,4
658,Jordan,Get Out,4
659,Kazakhstan,Get Out,4
660,Kiribati,no_searches,4
661,Kuwait,Get Out,4
662,Kyrgyzstan,Get Out,4
663,Laos,Get Out,4
664,Latvia,Get Out,4
665,Lebanon,Get Out,4
666,Lesotho,Get Out,4
667,Liberia,Dunkirk,4
668,Libya,Get Out,4
669,Liechtenstein,Get Out,4
670,Lithuania,Get Out,4
671,Luxembourg,Get Out,4
672,Macedonia (FYROM,Get Out,4
673,Madagascar,Get Out,4
674,Malawi,Get Out,4
675,Malaysia,Get Out,4
676,Maldives,Get Out,4
677,Mali,Get Out,4
678,Marshall Islands,no_searches,4
679,Mauritania,Get Out,4
680,Mauritius,Get Out,4
681,Mexico,Get Out,4
682,Moldova,Get Out,4
683,Mongolia,Get Out,4
684,Montenegro,Get Out,4
685,Morocco,Get Out,4
686,Mozambique,Get Out,4
687,Myanmar (Burma,Get Out,4
688,Namibia,Get Out,4
689,Nauru,no_searches,4
690,Nepal,Get Out,4
691,Netherlands,Get Out,4
692,New Zealand,Get Out,4
693,Nicaragua,Get Out,4
694,Niger,no_searches,4
695,Nigeria,Get Out,4
696,Niue,no_searches,4
697,North Korea,no_searches,4
698,Norway,Get Out,4
699,Oman,Get Out,4
700,Pakistan,Get Out,4
701,Palau,Get Out,4
702,Panama,Get Out,4
703,Papua New Guinea,Get Out,4
704,Paraguay,Dunkirk,4
705,Peru,Dunkirk,4
706,Philippines,Get Out,4
707,Poland,Get Out,4
708,Portugal,Get Out,4
709,Qatar,Get Out,4
710,Republic of the Congo,no_searches,4
711,Romania,Get Out,4
712,Russia,Get Out,4
713,Rwanda,Get Out,4
714,Saint Helena Ascension and Tristan da Cunha,Get Out,4
715,Saint Kitts and Nevis,Get Out,4
716,Saint Lucia,Get Out,4
717,Saint Vincent and the Grenadines,Get Out,4
718,Samoa,no_searches,4
719,San Marino,no_searches,4
720,Saudi Arabia,Get Out,4
721,Senegal,Get Out,4
722,Serbia,Get Out,4
723,Seychelles,no_searches,4
724,Sierra Leone,Darkest Hour,4
725,Slovakia,Get Out,4
726,Solomon Islands,Get Out,4
727,Somalia,Get Out,4
728,South Africa,Get Out,4
729,South Korea,Get Out,4
730,South Sudan,Dunkirk,4
731,Spain,Get Out,4
732,Sri Lanka,Get Out,4
733,Sudan,Get Out,4
734,Suriname,Get Out,4
735,Swaziland,no_searches,4
736,Sweden,Get Out,4
737,Switzerland,Get Out,4
738,Syria,Get Out,4
739,São Tomé and Príncipe,Get Out,4
740,Taiwan,Get Out,4
741,Tajikistan,no_searches,4
742,Tanzania,Get Out,4
743,Thailand,Get Out,4
744,The Bahamas,Get Out,4
745,The Gambia,Get Out,4
746,Timor-Leste,no_searches,4
747,Togo,Get Out,4
748,Tonga,Get Out,4
749,Trinidad and Tobago,Get Out,4
750,Tunisia,Get Out,4
751,Turkey,Get Out,4
752,Turkmenistan,Get Out,4
753,Tuvalu,no_searches,4
754,Uganda,Get Out,4
755,Ukraine,Get Out,4
756,United Arab Emirates,Get Out,4
757,United Kingdom,Get Out,4
758,United States,Get Out,4
759,Uruguay,Get Out,4
760,Uzbekistan,no_searches,4
761,Vanuatu,no_searches,4
762,Venezuela,Get Out,4
763,Vietnam,Get Out,4
764,Wallis and Futuna,no_searches,4
765,Yemen,Get Out,4
766,Zambia,Get Out,4
767,Zimbabwe,Get Out,4
768,Afghanistan,Get Out,5
769,Albania,Get Out,5
770,Algeria,Get Out,5
771,Andorra,no_searches,5
772,Angola,Get Out,5
773,Antigua and Barbuda,Get Out,5
774,Argentina,Get Out,5
775,Armenia,Get Out,5
776,Australia,Get Out,5
777,Austria,Get Out,5
778,Azerbaijan,no_searches,5
779,Bahrain,Get Out,5
780,Bangladesh,Get Out,5
781,Barbados,Get Out,5
782,Belarus,Get Out,5
783,Belgium,Get Out,5
784,Belize,Get Out,5
785,Benin,Get Out,5
786,Bhutan,Dunkirk,5
787,Bolivia,Get Out,5
788,Bosnia and Herzegovina,Get Out,5
789,Botswana,Get Out,5
790,Brazil,Get Out,5
791,Brunei,Get Out,5
792,Bulgaria,Get Out,5
793,Burkina Faso,no_searches,5
794,Burundi,Get Out,5
795,Cambodia,Get Out,5
796,Cameroon,Get Out,5
797,Canada,Get Out,5
798,Cape Verde,Get Out,5
799,Caribbean Netherlands,Get Out,5
800,Central African Republic,no_searches,5
801,Chad,no_searches,5
802,Chile,Get Out,5
803,China,Get Out,5
804,Colombia,Get Out,5
805,Comoros,no_searches,5
806,Costa Rica,Get Out,5
807,Croatia,Get Out,5
808,Cuba,Get Out,5
809,Cyprus,Get Out,5
810,Czech Republic,Get Out,5
811,Côte d'Ivoire,Get Out,5
812,Democratic Republic of the Congo,Get Out,5
813,Denmark,Get Out,5
814,Djibouti,Get Out,5
815,Dominica,Get Out,5
816,Dominican Republic,Get Out,5
817,Ecuador,Get Out,5
818,Egypt,Get Out,5
819,El Salvador,Get Out,5
820,Equatorial Guinea,no_searches,5
821,Eritrea,no_searches,5
822,Estonia,Get Out,5
823,Ethiopia,Get Out,5
824,Federated States of Micronesia,no_searches,5
825,Fiji,Get Out,5
826,Finland,Get Out,5
827,France,Get Out,5
828,Gabon,Get Out,5
829,Georgia,Get Out,5
830,Germany,Get Out,5
831,Ghana,Get Out,5
832,Greenland,Get Out,5
833,Grenada,Get Out,5
834,Guatemala,Get Out,5
835,Guinea,Get Out,5
836,Guinea-Bissau,no_searches,5
837,Guyana,Get Out,5
838,Haiti,Get Out,5
839,Honduras,Get Out,5
840,Hungary,Get Out,5
841,Iceland,Get Out,5
842,India,Get Out,5
843,Indonesia,Get Out,5
844,Iran,Get Out,5
845,Iraq,Get Out,5
846,Israel,Get Out,5
847,Italy,Get Out,5
848,Jamaica,Get Out,5
849,Japan,Get Out,5
850,Jordan,Get Out,5
851,Kazakhstan,Get Out,5
852,Kiribati,no_searches,5
853,Kuwait,Get Out,5
854,Kyrgyzstan,Dunkirk,5
855,Laos,Get Out,5
856,Latvia,Get Out,5
857,Lebanon,Get Out,5
858,Lesotho,Get Out,5
859,Liberia,Get Out,5
860,Libya,Get Out,5
861,Liechtenstein,Get Out,5
862,Lithuania,Get Out,5
863,Luxembourg,Get Out,5
864,Macedonia (FYROM,Get Out,5
865,Madagascar,Get Out,5
866,Malawi,Get Out,5
867,Malaysia,Get Out,5
868,Maldives,Get Out,5
869,Mali,no_searches,5
870,Marshall Islands,Get Out,5
871,Mauritania,Get Out,5
872,Mauritius,Get Out,5
873,Mexico,Get Out,5
874,Moldova,Get Out,5
875,Mongolia,Get Out,5
876,Montenegro,Dunkirk,5
877,Morocco,Get Out,5
878,Mozambique,Get Out,5
879,Myanmar (Burma,Get Out,5
880,Namibia,Get Out,5
881,Nauru,no_searches,5
882,Nepal,Get Out,5
883,Netherlands,Get Out,5
884,New Zealand,Get Out,5
885,Nicaragua,Get Out,5
886,Niger,no_searches,5
887,Nigeria,Get Out,5
888,Niue,no_searches,5
889,North Korea,no_searches,5
890,Norway,Get Out,5
891,Oman,Dunkirk,5
892,Pakistan,Get Out,5
893,Palau,no_searches,5
894,Panama,Get Out,5
895,Papua New Guinea,Get Out,5
896,Paraguay,Get Out,5
897,Peru,Get Out,5
898,Philippines,Get Out,5
899,Poland,Get Out,5
900,Portugal,Get Out,5
901,Qatar,Get Out,5
902,Republic of the Congo,Get Out,5
903,Romania,Get Out,5
904,Russia,Get Out,5
905,Rwanda,Get Out,5
906,Saint Helena Ascension and Tristan da Cunha,Get Out,5
907,Saint Kitts and Nevis,Get Out,5
908,Saint Lucia,Get Out,5
909,Saint Vincent and the Grenadines,Get Out,5
910,Samoa,no_searches,5
911,San Marino,no_searches,5
912,Saudi Arabia,Get Out,5
913,Senegal,Get Out,5
914,Serbia,Get Out,5
915,Seychelles,Get Out,5
916,Sierra Leone,Get Out,5
917,Slovakia,Get Out,5
918,Solomon Islands,Dunkirk,5
919,Somalia,Get Out,5
920,South Africa,Get Out,5
921,South Korea,Get Out,5
922,South Sudan,Get Out,5
923,Spain,Get Out,5
924,Sri Lanka,Get Out,5
925,Sudan,Get Out,5
926,Suriname,Get Out,5
927,Swaziland,Get Out,5
928,Sweden,Get Out,5
929,Switzerland,Get Out,5
930,Syria,Get Out,5
931,São Tomé and Príncipe,no_searches,5
932,Taiwan,Get Out,5
933,Tajikistan,Get Out,5
934,Tanzania,Get Out,5
935,Thailand,Get Out,5
936,The Bahamas,Get Out,5
937,The Gambia,Get Out,5
938,Timor-Leste,Get Out,5
939,Togo,no_searches,5
940,Tonga,no_searches,5
941,Trinidad and Tobago,Get Out,5
942,Tunisia,Get Out,5
943,Turkey,Get Out,5
944,Turkmenistan,Get Out,5
945,Tuvalu,no_searches,5
946,Uganda,Get Out,5
947,Ukraine,Get Out,5
948,United Arab Emirates,Get Out,5
949,United Kingdom,Get Out,5
950,United States,Get Out,5
951,Uruguay,Get Out,5
952,Uzbekistan,Dunkirk,5
953,Vanuatu,Get Out,5
954,Venezuela,Get Out,5
955,Vietnam,Get Out,5
956,Wallis and Futuna,no_searches,5
957,Yemen,Get Out,5
958,Zambia,Get Out,5
959,Zimbabwe,Get Out,5
960,Afghanistan,"Three Billboards Outside Ebbing, Missouri",6
961,Albania,Get Out,6
962,Algeria,Get Out,6
963,Andorra,Get Out,6
964,Angola,Get Out,6
965,Antigua and Barbuda,Get Out,6
966,Argentina,Get Out,6
967,Armenia,Get Out,6
968,Australia,Get Out,6
969,Austria,Get Out,6
970,Azerbaijan,no_searches,6
971,Bahrain,Get Out,6
972,Bangladesh,Get Out,6
973,Barbados,Get Out,6
974,Belarus,Get Out,6
975,Belgium,Get Out,6
976,Belize,Get Out,6
977,Benin,Get Out,6
978,Bhutan,no_searches,6
979,Bolivia,Dunkirk,6
980,Bosnia and Herzegovina,Get Out,6
981,Botswana,Get Out,6
982,Brazil,Get Out,6
983,Brunei,Get Out,6
984,Bulgaria,Get Out,6
985,Burkina Faso,Get Out,6
986,Burundi,Phantom Thread,6
987,Cambodia,Get Out,6
988,Cameroon,Lady Bird,6
989,Canada,Get Out,6
990,Cape Verde,Get Out,6
991,Caribbean Netherlands,Get Out,6
992,Central African Republic,no_searches,6
993,Chad,no_searches,6
994,Chile,Get Out,6
995,China,Get Out,6
996,Colombia,Get Out,6
997,Comoros,no_searches,6
998,Costa Rica,Get Out,6
999,Croatia,Get Out,6
1000,Cuba,Dunkirk,6
1001,Cyprus,Get Out,6
1002,Czech Republic,Get Out,6
1003,Côte d'Ivoire,Get Out,6
1004,Democratic Republic of the Congo,Get Out,6
1005,Denmark,Get Out,6
1006,Djibouti,Dunkirk,6
1007,Dominica,Get Out,6
1008,Dominican Republic,Get Out,6
1009,Ecuador,Get Out,6
1010,Egypt,Get Out,6
1011,El Salvador,Get Out,6
1012,Equatorial Guinea,Get Out,6
1013,Eritrea,no_searches,6
1014,Estonia,Get Out,6
1015,Ethiopia,Get Out,6
1016,Federated States of Micronesia,no_searches,6
1017,Fiji,Get Out,6
1018,Finland,Get Out,6
1019,France,Get Out,6
1020,Gabon,Dunkirk,6
1021,Georgia,Get Out,6
1022,Germany,Get Out,6
1023,Ghana,Get Out,6
1024,Greenland,no_searches,6
1025,Grenada,Get Out,6
1026,Guatemala,Get Out,6
1027,Guinea,Get Out,6
1028,Guinea-Bissau,no_searches,6
1029,Guyana,Get Out,6
1030,Haiti,Get Out,6
1031,Honduras,Get Out,6
1032,Hungary,Get Out,6
1033,Iceland,Get Out,6
1034,India,Get Out,6
1035,Indonesia,Get Out,6
1036,Iran,Get Out,6
1037,Iraq,Get Out,6
1038,Israel,Get Out,6
1039,Italy,Get Out,6
1040,Jamaica,Get Out,6
1041,Japan,Get Out,6
1042,Jordan,Dunkirk,6
1043,Kazakhstan,Get Out,6
1044,Kiribati,no_searches,6
1045,Kuwait,Get Out,6
1046,Kyrgyzstan,Get Out,6
1047,Laos,Get Out,6
1048,Latvia,Get Out,6
1049,Lebanon,Get Out,6
1050,Lesotho,Get Out,6
1051,Liberia,Get Out,6
1052,Libya,Get Out,6
1053,Liechtenstein,Get Out,6
1054,Lithuania,Get Out,6
1055,Luxembourg,Get Out,6
1056,Macedonia (FYROM,Darkest Hour,6
1057,Madagascar,Get Out,6
1058,Malawi,no_searches,6
1059,Malaysia,Get Out,6
1060,Maldives,Get Out,6
1061,Mali,Get Out,6
1062,Marshall Islands,Get Out,6
1063,Mauritania,no_searches,6
1064,Mauritius,Get Out,6
1065,Mexico,Get Out,6
1066,Moldova,Get Out,6
1067,Mongolia,Get Out,6
1068,Montenegro,Get Out,6
1069,Morocco,Get Out,6
1070,Mozambique,Get Out,6
1071,Myanmar (Burma,Get Out,6
1072,Namibia,Get Out,6
1073,Nauru,no_searches,6
1074,Nepal,Dunkirk,6
1075,Netherlands,Get Out,6
1076,New Zealand,Get Out,6
1077,Nicaragua,Dunkirk,6
1078,Niger,no_searches,6
1079,Nigeria,Get Out,6
1080,Niue,no_searches,6
1081,North Korea,no_searches,6
1082,Norway,Get Out,6
1083,Oman,Get Out,6
1084,Pakistan,Get Out,6
1085,Palau,no_searches,6
1086,Panama,Get Out,6
1087,Papua New Guinea,Get Out,6
1088,Paraguay,Get Out,6
1089,Peru,Get Out,6
1090,Philippines,Get Out,6
1091,Poland,Get Out,6
1092,Portugal,Get Out,6
1093,Qatar,Dunkirk,6
1094,Republic of the Congo,no_searches,6
1095,Romania,Get Out,6
1096,Russia,Get Out,6
1097,Rwanda,Get Out,6
1098,Saint Helena Ascension and Tristan da Cunha,Get Out,6
1099,Saint Kitts and Nevis,Get Out,6
1100,Saint Lucia,Get Out,6
1101,Saint Vincent and the Grenadines,Get Out,6
1102,Samoa,no_searches,6
1103,San Marino,no_searches,6
1104,Saudi Arabia,Get Out,6
1105,Senegal,Get Out,6
1106,Serbia,Get Out,6
1107,Seychelles,Get Out,6
1108,Sierra Leone,no_searches,6
1109,Slovakia,Get Out,6
1110,Solomon Islands,Get Out,6
1111,Somalia,Get Out,6
1112,South Africa,Get Out,6
1113,South Korea,Get Out,6
1114,South Sudan,Get Out,6
1115,Spain,Get Out,6
1116,Sri Lanka,Lady Bird,6
1117,Sudan,Get Out,6
1118,Suriname,Get Out,6
1119,Swaziland,Get Out,6
1120,Sweden,Get Out,6
1121,Switzerland,Get Out,6
1122,Syria,Get Out,6
1123,São Tomé and Príncipe,no_searches,6
1124,Taiwan,Get Out,6
1125,Tajikistan,Get Out,6
1126,Tanzania,Get Out,6
1127,Thailand,Get Out,6
1128,The Bahamas,Get Out,6
1129,The Gambia,Get Out,6
1130,Timor-Leste,no_searches,6
1131,Togo,Get Out,6
1132,Tonga,no_searches,6
1133,Trinidad and Tobago,Get Out,6
1134,Tunisia,Get Out,6
1135,Turkey,Get Out,6
1136,Turkmenistan,Get Out,6
1137,Tuvalu,no_searches,6
1138,Uganda,Get Out,6
1139,Ukraine,Get Out,6
1140,United Arab Emirates,Get Out,6
1141,United Kingdom,Get Out,6
1142,United States,Get Out,6
1143,Uruguay,Get Out,6
1144,Uzbekistan,no_searches,6
1145,Vanuatu,Get Out,6
1146,Venezuela,Get Out,6
1147,Vietnam,Get Out,6
1148,Wallis and Futuna,no_searches,6
1149,Yemen,Get Out,6
1150,Zambia,Get Out,6
1151,Zimbabwe,Get Out,6
1152,Afghanistan,Dunkirk,7
1153,Albania,Dunkirk,7
1154,Algeria,Dunkirk,7
1155,Andorra,Get Out,7
1156,Angola,Get Out,7
1157,Antigua and Barbuda,Dunkirk,7
1158,Argentina,Dunkirk,7
1159,Armenia,Get Out,7
1160,Australia,Dunkirk,7
1161,Austria,Dunkirk,7
1162,Azerbaijan,no_searches,7
1163,Bahrain,Dunkirk,7
1164,Bangladesh,Dunkirk,7
1165,Barbados,Get Out,7
1166,Belarus,Dunkirk,7
1167,Belgium,Dunkirk,7
1168,Belize,Get Out,7
1169,Benin,Get Out,7
1170,Bhutan,Get Out,7
1171,Bolivia,Dunkirk,7
1172,Bosnia and Herzegovina,Dunkirk,7
1173,Botswana,Dunkirk,7
1174,Brazil,Dunkirk,7
1175,Brunei,Dunkirk,7
1176,Bulgaria,Dunkirk,7
1177,Burkina Faso,Dunkirk,7
1178,Burundi,no_searches,7
1179,Cambodia,Get Out,7
1180,Cameroon,Get Out,7
1181,Canada,Dunkirk,7
1182,Cape Verde,Get Out,7
1183,Caribbean Netherlands,Dunkirk,7
1184,Central African Republic,no_searches,7
1185,Chad,Dunkirk,7
1186,Chile,Dunkirk,7
1187,China,Dunkirk,7
1188,Colombia,Dunkirk,7
1189,Comoros,no_searches,7
1190,Costa Rica,Dunkirk,7
1191,Croatia,Dunkirk,7
1192,Cuba,Dunkirk,7
1193,Cyprus,Dunkirk,7
1194,Czech Republic,Dunkirk,7
1195,Côte d'Ivoire,Dunkirk,7
1196,Democratic Republic of the Congo,Dunkirk,7
1197,Denmark,Dunkirk,7
1198,Djibouti,no_searches,7
1199,Dominica,Dunkirk,7
1200,Dominican Republic,Dunkirk,7
1201,Ecuador,Dunkirk,7
1202,Egypt,Dunkirk,7
1203,El Salvador,Dunkirk,7
1204,Equatorial Guinea,Get Out,7
1205,Eritrea,no_searches,7
1206,Estonia,Dunkirk,7
1207,Ethiopia,Dunkirk,7
1208,Federated States of Micronesia,no_searches,7
1209,Fiji,Dunkirk,7
1210,Finland,Dunkirk,7
1211,France,Dunkirk,7
1212,Gabon,Get Out,7
1213,Georgia,Dunkirk,7
1214,Germany,Dunkirk,7
1215,Ghana,Get Out,7
1216,Greenland,Dunkirk,7
1217,Grenada,Get Out,7
1218,Guatemala,Dunkirk,7
1219,Guinea,no_searches,7
1220,Guinea-Bissau,no_searches,7
1221,Guyana,Get Out,7
1222,Haiti,Dunkirk,7
1223,Honduras,Get Out,7
1224,Hungary,Dunkirk,7
1225,Iceland,Dunkirk,7
1226,India,Dunkirk,7
1227,Indonesia,Dunkirk,7
1228,Iran,Dunkirk,7
1229,Iraq,Dunkirk,7
1230,Israel,Dunkirk,7
1231,Italy,Dunkirk,7
1232,Jamaica,Get Out,7
1233,Japan,Dunkirk,7
1234,Jordan,Dunkirk,7
1235,Kazakhstan,Dunkirk,7
1236,Kiribati,no_searches,7
1237,Kuwait,Dunkirk,7
1238,Kyrgyzstan,Dunkirk,7
1239,Laos,Dunkirk,7
1240,Latvia,Dunkirk,7
1241,Lebanon,Dunkirk,7
1242,Lesotho,Get Out,7
1243,Liberia,Get Out,7
1244,Libya,Dunkirk,7
1245,Liechtenstein,no_searches,7
1246,Lithuania,Dunkirk,7
1247,Luxembourg,Dunkirk,7
1248,Macedonia (FYROM,Dunkirk,7
1249,Madagascar,Dunkirk,7
1250,Malawi,Dunkirk,7
1251,Malaysia,Dunkirk,7
1252,Maldives,Darkest Hour,7
1253,Mali,Dunkirk,7
1254,Marshall Islands,no_searches,7
1255,Mauritania,Get Out,7
1256,Mauritius,Dunkirk,7
1257,Mexico,Dunkirk,7
1258,Moldova,Dunkirk,7
1259,Mongolia,Dunkirk,7
1260,Montenegro,Dunkirk,7
1261,Morocco,Get Out,7
1262,Mozambique,Dunkirk,7
1263,Myanmar (Burma,Dunkirk,7
1264,Namibia,Dunkirk,7
1265,Nauru,no_searches,7
1266,Nepal,Dunkirk,7
1267,Netherlands,Dunkirk,7
1268,New Zealand,Dunkirk,7
1269,Nicaragua,Dunkirk,7
1270,Niger,no_searches,7
1271,Nigeria,Dunkirk,7
1272,Niue,no_searches,7
1273,North Korea,no_searches,7
1274,Norway,Dunkirk,7
1275,Oman,Dunkirk,7
1276,Pakistan,Dunkirk,7
1277,Palau,no_searches,7
1278,Panama,Dunkirk,7
1279,Papua New Guinea,Dunkirk,7
1280,Paraguay,Get Out,7
1281,Peru,Dunkirk,7
1282,Philippines,Dunkirk,7
1283,Poland,Dunkirk,7
1284,Portugal,Dunkirk,7
1285,Qatar,Dunkirk,7
1286,Republic of the Congo,Get Out,7
1287,Romania,Dunkirk,7
1288,Russia,Dunkirk,7
1289,Rwanda,Get Out,7
1290,Saint Helena Ascension and Tristan da Cunha,Dunkirk,7
1291,Saint Kitts and Nevis,Dunkirk,7
1292,Saint Lucia,Dunkirk,7
1293,Saint Vincent and the Grenadines,Get Out,7
1294,Samoa,Dunkirk,7
1295,San Marino,Dunkirk,7
1296,Saudi Arabia,Dunkirk,7
1297,Senegal,Dunkirk,7
1298,Serbia,Dunkirk,7
1299,Seychelles,Get Out,7
1300,Sierra Leone,no_searches,7
1301,Slovakia,Dunkirk,7
1302,Solomon Islands,no_searches,7
1303,Somalia,Dunkirk,7
1304,South Africa,Dunkirk,7
1305,South Korea,Dunkirk,7
1306,South Sudan,Dunkirk,7
1307,Spain,Dunkirk,7
1308,Sri Lanka,Dunkirk,7
1309,Sudan,Dunkirk,7
1310,Suriname,Dunkirk,7
1311,Swaziland,Dunkirk,7
1312,Sweden,Dunkirk,7
1313,Switzerland,Dunkirk,7
1314,Syria,Dunkirk,7
1315,São Tomé and Príncipe,Dunkirk,7
1316,Taiwan,Dunkirk,7
1317,Tajikistan,Dunkirk,7
1318,Tanzania,Get Out,7
1319,Thailand,Dunkirk,7
1320,The Bahamas,Dunkirk,7
1321,The Gambia,Get Out,7
1322,Timor-Leste,Dunkirk,7
1323,Togo,no_searches,7
1324,Tonga,Dunkirk,7
1325,Trinidad and Tobago,Get Out,7
1326,Tunisia,Dunkirk,7
1327,Turkey,Dunkirk,7
1328,Turkmenistan,Dunkirk,7
1329,Tuvalu,no_searches,7
1330,Uganda,Get Out,7
1331,Ukraine,Dunkirk,7
1332,United Arab Emirates,Dunkirk,7
1333,United Kingdom,Dunkirk,7
1334,United States,Dunkirk,7
1335,Uruguay,Dunkirk,7
1336,Uzbekistan,Dunkirk,7
1337,Vanuatu,no_searches,7
1338,Venezuela,Get Out,7
1339,Vietnam,Dunkirk,7
1340,Wallis and Futuna,no_searches,7
1341,Yemen,Get Out,7
1342,Zambia,Dunkirk,7
1343,Zimbabwe,Get Out,7
1344,Afghanistan,Get Out,8
1345,Albania,Dunkirk,8
1346,Algeria,Dunkirk,8
1347,Andorra,Get Out,8
1348,Angola,Dunkirk,8
1349,Antigua and Barbuda,Dunkirk,8
1350,Argentina,Dunkirk,8
1351,Armenia,Dunkirk,8
1352,Australia,Dunkirk,8
1353,Austria,Dunkirk,8
1354,Azerbaijan,Dunkirk,8
1355,Bahrain,Dunkirk,8
1356,Bangladesh,Dunkirk,8
1357,Barbados,Get Out,8
1358,Belarus,Dunkirk,8
1359,Belgium,Dunkirk,8
1360,Belize,Get Out,8
1361,Benin,no_searches,8
1362,Bhutan,Dunkirk,8
1363,Bolivia,Dunkirk,8
1364,Bosnia and Herzegovina,Dunkirk,8
1365,Botswana,Get Out,8
1366,Brazil,Dunkirk,8
1367,Brunei,Get Out,8
1368,Bulgaria,Dunkirk,8
1369,Burkina Faso,Dunkirk,8
1370,Burundi,no_searches,8
1371,Cambodia,Dunkirk,8
1372,Cameroon,Get Out,8
1373,Canada,Dunkirk,8
1374,Cape Verde,Dunkirk,8
1375,Caribbean Netherlands,Dunkirk,8
1376,Central African Republic,no_searches,8
1377,Chad,Dunkirk,8
1378,Chile,Dunkirk,8
1379,China,Dunkirk,8
1380,Colombia,Dunkirk,8
1381,Comoros,no_searches,8
1382,Costa Rica,Dunkirk,8
1383,Croatia,Dunkirk,8
1384,Cuba,Dunkirk,8
1385,Cyprus,Dunkirk,8
1386,Czech Republic,Dunkirk,8
1387,Côte d'Ivoire,Get Out,8
1388,Democratic Republic of the Congo,Get Out,8
1389,Denmark,Dunkirk,8
1390,Djibouti,Dunkirk,8
1391,Dominica,Get Out,8
1392,Dominican Republic,Dunkirk,8
1393,Ecuador,Dunkirk,8
1394,Egypt,Dunkirk,8
1395,El Salvador,Dunkirk,8
1396,Equatorial Guinea,no_searches,8
1397,Eritrea,no_searches,8
1398,Estonia,Get Out,8
1399,Ethiopia,Get Out,8
1400,Federated States of Micronesia,no_searches,8
1401,Fiji,Dunkirk,8
1402,Finland,Dunkirk,8
1403,France,Dunkirk,8
1404,Gabon,Get Out,8
1405,Georgia,Dunkirk,8
1406,Germany,Dunkirk,8
1407,Ghana,Dunkirk,8
1408,Greenland,Dunkirk,8
1409,Grenada,Get Out,8
1410,Guatemala,Get Out,8
1411,Guinea,no_searches,8
1412,Guinea-Bissau,no_searches,8
1413,Guyana,Get Out,8
1414,Haiti,Get Out,8
1415,Honduras,Dunkirk,8
1416,Hungary,Dunkirk,8
1417,Iceland,Dunkirk,8
1418,India,Dunkirk,8
1419,Indonesia,Dunkirk,8
1420,Iran,Dunkirk,8
1421,Iraq,Dunkirk,8
1422,Israel,Dunkirk,8
1423,Italy,Dunkirk,8
1424,Jamaica,Get Out,8
1425,Japan,Dunkirk,8
1426,Jordan,Get Out,8
1427,Kazakhstan,Dunkirk,8
1428,Kiribati,no_searches,8
1429,Kuwait,Dunkirk,8
1430,Kyrgyzstan,Dunkirk,8
1431,Laos,Get Out,8
1432,Latvia,Dunkirk,8
1433,Lebanon,Dunkirk,8
1434,Lesotho,Get Out,8
1435,Liberia,no_searches,8
1436,Libya,Get Out,8
1437,Liechtenstein,Dunkirk,8
1438,Lithuania,Dunkirk,8
1439,Luxembourg,Dunkirk,8
1440,Macedonia (FYROM,Get Out,8
1441,Madagascar,Dunkirk,8
1442,Malawi,Get Out,8
1443,Malaysia,Dunkirk,8
1444,Maldives,Dunkirk,8
1445,Mali,Get Out,8
1446,Marshall Islands,no_searches,8
1447,Mauritania,Get Out,8
1448,Mauritius,Get Out,8
1449,Mexico,Dunkirk,8
1450,Moldova,Dunkirk,8
1451,Mongolia,Dunkirk,8
1452,Montenegro,Dunkirk,8
1453,Morocco,Dunkirk,8
1454,Mozambique,Dunkirk,8
1455,Myanmar (Burma,Dunkirk,8
1456,Namibia,Get Out,8
1457,Nauru,no_searches,8
1458,Nepal,Dunkirk,8
1459,Netherlands,Dunkirk,8
1460,New Zealand,Dunkirk,8
1461,Nicaragua,Dunkirk,8
1462,Niger,Get Out,8
1463,Nigeria,Get Out,8
1464,Niue,no_searches,8
1465,North Korea,no_searches,8
1466,Norway,Dunkirk,8
1467,Oman,Dunkirk,8
1468,Pakistan,Dunkirk,8
1469,Palau,no_searches,8
1470,Panama,Dunkirk,8
1471,Papua New Guinea,Get Out,8
1472,Paraguay,Dunkirk,8
1473,Peru,Dunkirk,8
1474,Philippines,Dunkirk,8
1475,Poland,Dunkirk,8
1476,Portugal,Dunkirk,8
1477,Qatar,Dunkirk,8
1478,Republic of the Congo,no_searches,8
1479,Romania,Dunkirk,8
1480,Russia,Dunkirk,8
1481,Rwanda,Get Out,8
1482,Saint Helena Ascension and Tristan da Cunha,Dunkirk,8
1483,Saint Kitts and Nevis,Dunkirk,8
1484,Saint Lucia,Get Out,8
1485,Saint Vincent and the Grenadines,Get Out,8
1486,Samoa,Get Out,8
1487,San Marino,Dunkirk,8
1488,Saudi Arabia,Dunkirk,8
1489,Senegal,Get Out,8
1490,Serbia,Dunkirk,8
1491,Seychelles,Lady Bird,8
1492,Sierra Leone,Dunkirk,8
1493,Slovakia,Dunkirk,8
1494,Solomon Islands,no_searches,8
1495,Somalia,Dunkirk,8
1496,South Africa,Dunkirk,8
1497,South Korea,Dunkirk,8
1498,South Sudan,no_searches,8
1499,Spain,Dunkirk,8
1500,Sri Lanka,Dunkirk,8
1501,Sudan,Dunkirk,8
1502,Suriname,Get Out,8
1503,Swaziland,Dunkirk,8
1504,Sweden,Dunkirk,8
1505,Switzerland,Dunkirk,8
1506,Syria,Dunkirk,8
1507,São Tomé and Príncipe,no_searches,8
1508,Taiwan,Dunkirk,8
1509,Tajikistan,Dunkirk,8
1510,Tanzania,Get Out,8
1511,Thailand,Dunkirk,8
1512,The Bahamas,Get Out,8
1513,The Gambia,no_searches,8
1514,Timor-Leste,Dunkirk,8
1515,Togo,no_searches,8
1516,Tonga,no_searches,8
1517,Trinidad and Tobago,Dunkirk,8
1518,Tunisia,Dunkirk,8
1519,Turkey,Dunkirk,8
1520,Turkmenistan,Dunkirk,8
1521,Tuvalu,no_searches,8
1522,Uganda,Dunkirk,8
1523,Ukraine,Dunkirk,8
1524,United Arab Emirates,Dunkirk,8
1525,United Kingdom,Dunkirk,8
1526,United States,Dunkirk,8
1527,Uruguay,Dunkirk,8
1528,Uzbekistan,Get Out,8
1529,Vanuatu,Dunkirk,8
1530,Venezuela,Dunkirk,8
1531,Vietnam,Dunkirk,8
1532,Wallis and Futuna,no_searches,8
1533,Yemen,Dunkirk,8
1534,Zambia,Dunkirk,8
1535,Zimbabwe,Get Out,8
1536,Afghanistan,Call Me by Your Name,9
1537,Albania,Dunkirk,9
1538,Algeria,Dunkirk,9
1539,Andorra,no_searches,9
1540,Angola,Get Out,9
1541,Antigua and Barbuda,Get Out,9
1542,Argentina,Dunkirk,9
1543,Armenia,Dunkirk,9
1544,Australia,Dunkirk,9
1545,Austria,Dunkirk,9
1546,Azerbaijan,Dunkirk,9
1547,Bahrain,Dunkirk,9
1548,Bangladesh,Dunkirk,9
1549,Barbados,Get Out,9
1550,Belarus,Dunkirk,9
1551,Belgium,Dunkirk,9
1552,Belize,"Three Billboards Outside Ebbing, Missouri",9
1553,Benin,Dunkirk,9
1554,Bhutan,The Shape of Water,9
1555,Bolivia,Dunkirk,9
1556,Bosnia and Herzegovina,Dunkirk,9
1557,Botswana,Lady Bird,9
1558,Brazil,Dunkirk,9
1559,Brunei,Get Out,9
1560,Bulgaria,Dunkirk,9
1561,Burkina Faso,no_searches,9
1562,Burundi,Get Out,9
1563,Cambodia,Get Out,9
1564,Cameroon,Dunkirk,9
1565,Canada,Get Out,9
1566,Cape Verde,Dunkirk,9
1567,Caribbean Netherlands,Get Out,9
1568,Central African Republic,no_searches,9
1569,Chad,Dunkirk,9
1570,Chile,Dunkirk,9
1571,China,Dunkirk,9
1572,Colombia,Dunkirk,9
1573,Comoros,no_searches,9
1574,Costa Rica,Get Out,9
1575,Croatia,Dunkirk,9
1576,Cuba,Dunkirk,9
1577,Cyprus,Dunkirk,9
1578,Czech Republic,Dunkirk,9
1579,Côte d'Ivoire,Get Out,9
1580,Democratic Republic of the Congo,Dunkirk,9
1581,Denmark,Dunkirk,9
1582,Djibouti,Get Out,9
1583,Dominica,no_searches,9
1584,Dominican Republic,Get Out,9
1585,Ecuador,Dunkirk,9
1586,Egypt,Dunkirk,9
1587,El Salvador,Get Out,9
1588,Equatorial Guinea,no_searches,9
1589,Eritrea,no_searches,9
1590,Estonia,Dunkirk,9
1591,Ethiopia,Dunkirk,9
1592,Federated States of Micronesia,no_searches,9
1593,Fiji,Dunkirk,9
1594,Finland,Dunkirk,9
1595,France,Get Out,9
1596,Gabon,Dunkirk,9
1597,Georgia,Dunkirk,9
1598,Germany,Dunkirk,9
1599,Ghana,Get Out,9
1600,Greenland,Dunkirk,9
1601,Grenada,The Shape of Water,9
1602,Guatemala,Dunkirk,9
1603,Guinea,Get Out,9
1604,Guinea-Bissau,no_searches,9
1605,Guyana,Get Out,9
1606,Haiti,Dunkirk,9
1607,Honduras,Get Out,9
1608,Hungary,Dunkirk,9
1609,Iceland,Dunkirk,9
1610,India,Dunkirk,9
1611,Indonesia,Dunkirk,9
1612,Iran,Dunkirk,9
1613,Iraq,Dunkirk,9
1614,Israel,Get Out,9
1615,Italy,Dunkirk,9
1616,Jamaica,Get Out,9
1617,Japan,Dunkirk,9
1618,Jordan,Dunkirk,9
1619,Kazakhstan,Dunkirk,9
1620,Kiribati,no_searches,9
1621,Kuwait,Dunkirk,9
1622,Kyrgyzstan,Dunkirk,9
1623,Laos,Get Out,9
1624,Latvia,Get Out,9
1625,Lebanon,Get Out,9
1626,Lesotho,Get Out,9
1627,Liberia,Get Out,9
1628,Libya,Get Out,9
1629,Liechtenstein,Get Out,9
1630,Lithuania,Dunkirk,9
1631,Luxembourg,Dunkirk,9
1632,Macedonia (FYROM,Dunkirk,9
1633,Madagascar,Get Out,9
1634,Malawi,Get Out,9
1635,Malaysia,Get Out,9
1636,Maldives,The Shape of Water,9
1637,Mali,Get Out,9
1638,Marshall Islands,no_searches,9
1639,Mauritania,Dunkirk,9
1640,Mauritius,Dunkirk,9
1641,Mexico,Dunkirk,9
1642,Moldova,Dunkirk,9
1643,Mongolia,Get Out,9
1644,Montenegro,Get Out,9
1645,Morocco,Get Out,9
1646,Mozambique,Get Out,9
1647,Myanmar (Burma,Dunkirk,9
1648,Namibia,Dunkirk,9
1649,Nauru,no_searches,9
1650,Nepal,Dunkirk,9
1651,Netherlands,Dunkirk,9
1652,New Zealand,Dunkirk,9
1653,Nicaragua,Dunkirk,9
1654,Niger,no_searches,9
1655,Nigeria,Get Out,9
1656,Niue,no_searches,9
1657,North Korea,no_searches,9
1658,Norway,Dunkirk,9
1659,Oman,Get Out,9
1660,Pakistan,Dunkirk,9
1661,Palau,no_searches,9
1662,Panama,Dunkirk,9
1663,Papua New Guinea,Dunkirk,9
1664,Paraguay,Dunkirk,9
1665,Peru,Dunkirk,9
1666,Philippines,Get Out,9
1667,Poland,Dunkirk,9
1668,Portugal,Dunkirk,9
1669,Qatar,Dunkirk,9
1670,Republic of the Congo,Get Out,9
1671,Romania,Dunkirk,9
1672,Russia,Dunkirk,9
1673,Rwanda,Get Out,9
1674,Saint Helena Ascension and Tristan da Cunha,Get Out,9
1675,Saint Kitts and Nevis,Get Out,9
1676,Saint Lucia,Get Out,9
1677,Saint Vincent and the Grenadines,Get Out,9
1678,Samoa,Get Out,9
1679,San Marino,Dunkirk,9
1680,Saudi Arabia,Dunkirk,9
1681,Senegal,Dunkirk,9
1682,Serbia,Dunkirk,9
1683,Seychelles,Dunkirk,9
1684,Sierra Leone,Lady Bird,9
1685,Slovakia,Dunkirk,9
1686,Solomon Islands,Dunkirk,9
1687,Somalia,Get Out,9
1688,South Africa,Get Out,9
1689,South Korea,Dunkirk,9
1690,South Sudan,no_searches,9
1691,Spain,Dunkirk,9
1692,Sri Lanka,Dunkirk,9
1693,Sudan,Get Out,9
1694,Suriname,Dunkirk,9
1695,Swaziland,Get Out,9
1696,Sweden,Dunkirk,9
1697,Switzerland,Dunkirk,9
1698,Syria,Dunkirk,9
1699,São Tomé and Príncipe,no_searches,9
1700,Taiwan,Dunkirk,9
1701,Tajikistan,Dunkirk,9
1702,Tanzania,no_searches,9
1703,Thailand,Get Out,9
1704,The Bahamas,Get Out,9
1705,The Gambia,Get Out,9
1706,Timor-Leste,no_searches,9
1707,Togo,Dunkirk,9
1708,Tonga,The Shape of Water,9
1709,Trinidad and Tobago,Get Out,9
1710,Tunisia,Dunkirk,9
1711,Turkey,Dunkirk,9
1712,Turkmenistan,Get Out,9
1713,Tuvalu,no_searches,9
1714,Uganda,The Shape of Water,9
1715,Ukraine,Dunkirk,9
1716,United Arab Emirates,Dunkirk,9
1717,United Kingdom,Dunkirk,9
1718,United States,Get Out,9
1719,Uruguay,Dunkirk,9
1720,Uzbekistan,Dunkirk,9
1721,Vanuatu,no_searches,9
1722,Venezuela,Get Out,9
1723,Vietnam,Dunkirk,9
1724,Wallis and Futuna,no_searches,9
1725,Yemen,Dunkirk,9
1726,Zambia,Darkest Hour,9
1727,Zimbabwe,Dunkirk,9
1728,Afghanistan,Get Out,10
1729,Albania,Dunkirk,10
1730,Algeria,Get Out,10
1731,Andorra,Dunkirk,10
1732,Angola,Get Out,10
1733,Antigua and Barbuda,Get Out,10
1734,Argentina,Dunkirk,10
1735,Armenia,Get Out,10
1736,Australia,Get Out,10
1737,Austria,Dunkirk,10
1738,Azerbaijan,Dunkirk,10
1739,Bahrain,Get Out,10
1740,Bangladesh,Get Out,10
1741,Barbados,Get Out,10
1742,Belarus,Dunkirk,10
1743,Belgium,Dunkirk,10
1744,Belize,Get Out,10
1745,Benin,no_searches,10
1746,Bhutan,Dunkirk,10
1747,Bolivia,Get Out,10
1748,Bosnia and Herzegovina,Dunkirk,10
1749,Botswana,Get Out,10
1750,Brazil,Dunkirk,10
1751,Brunei,Dunkirk,10
1752,Bulgaria,Get Out,10
1753,Burkina Faso,no_searches,10
1754,Burundi,Get Out,10
1755,Cambodia,Get Out,10
1756,Cameroon,Get Out,10
1757,Canada,Get Out,10
1758,Cape Verde,Dunkirk,10
1759,Caribbean Netherlands,no_searches,10
1760,Central African Republic,no_searches,10
1761,Chad,no_searches,10
1762,Chile,Dunkirk,10
1763,China,Call Me by Your Name,10
1764,Colombia,Dunkirk,10
1765,Comoros,no_searches,10
1766,Costa Rica,Dunkirk,10
1767,Croatia,Dunkirk,10
1768,Cuba,The Shape of Water,10
1769,Cyprus,Dunkirk,10
1770,Czech Republic,Dunkirk,10
1771,Côte d'Ivoire,Dunkirk,10
1772,Democratic Republic of the Congo,Get Out,10
1773,Denmark,Dunkirk,10
1774,Djibouti,no_searches,10
1775,Dominica,no_searches,10
1776,Dominican Republic,Get Out,10
1777,Ecuador,Dunkirk,10
1778,Egypt,Dunkirk,10
1779,El Salvador,Dunkirk,10
1780,Equatorial Guinea,no_searches,10
1781,Eritrea,no_searches,10
1782,Estonia,Get Out,10
1783,Ethiopia,Dunkirk,10
1784,Federated States of Micronesia,no_searches,10
1785,Fiji,Call Me by Your Name,10
1786,Finland,Get Out,10
1787,France,Get Out,10
1788,Gabon,Get Out,10
1789,Georgia,Dunkirk,10
1790,Germany,Get Out,10
1791,Ghana,Dunkirk,10
1792,Greenland,no_searches,10
1793,Grenada,Get Out,10
1794,Guatemala,Dunkirk,10
1795,Guinea,no_searches,10
1796,Guinea-Bissau,Dunkirk,10
1797,Guyana,Get Out,10
1798,Haiti,Call Me by Your Name,10
1799,Honduras,Dunkirk,10
1800,Hungary,Dunkirk,10
1801,Iceland,Dunkirk,10
1802,India,Get Out,10
1803,Indonesia,Dunkirk,10
1804,Iran,Dunkirk,10
1805,Iraq,Dunkirk,10
1806,Israel,Get Out,10
1807,Italy,Dunkirk,10
1808,Jamaica,Get Out,10
1809,Japan,Get Out,10
1810,Jordan,Dunkirk,10
1811,Kazakhstan,Dunkirk,10
1812,Kiribati,no_searches,10
1813,Kuwait,Get Out,10
1814,Kyrgyzstan,Dunkirk,10
1815,Laos,Call Me by Your Name,10
1816,Latvia,Get Out,10
1817,Lebanon,Dunkirk,10
1818,Lesotho,Dunkirk,10
1819,Liberia,Dunkirk,10
1820,Libya,Dunkirk,10
1821,Liechtenstein,Dunkirk,10
1822,Lithuania,Dunkirk,10
1823,Luxembourg,Get Out,10
1824,Macedonia (FYROM,Dunkirk,10
1825,Madagascar,Dunkirk,10
1826,Malawi,Dunkirk,10
1827,Malaysia,Get Out,10
1828,Maldives,Get Out,10
1829,Mali,no_searches,10
1830,Marshall Islands,no_searches,10
1831,Mauritania,The Shape of Water,10
1832,Mauritius,Get Out,10
1833,Mexico,Dunkirk,10
1834,Moldova,Dunkirk,10
1835,Mongolia,Get Out,10
1836,Montenegro,Dunkirk,10
1837,Morocco,Dunkirk,10
1838,Mozambique,Dunkirk,10
1839,Myanmar (Burma,Get Out,10
1840,Namibia,Get Out,10
1841,Nauru,no_searches,10
1842,Nepal,Dunkirk,10
1843,Netherlands,Dunkirk,10
1844,New Zealand,Get Out,10
1845,Nicaragua,Get Out,10
1846,Niger,no_searches,10
1847,Nigeria,Get Out,10
1848,Niue,no_searches,10
1849,North Korea,no_searches,10
1850,Norway,Dunkirk,10
1851,Oman,"Three Billboards Outside Ebbing, Missouri",10
1852,Pakistan,Dunkirk,10
1853,Palau,no_searches,10
1854,Panama,Get Out,10
1855,Papua New Guinea,Dunkirk,10
1856,Paraguay,Dunkirk,10
1857,Peru,Get Out,10
1858,Philippines,Get Out,10
1859,Poland,Dunkirk,10
1860,Portugal,Dunkirk,10
1861,Qatar,Dunkirk,10
1862,Republic of the Congo,Get Out,10
1863,Romania,Dunkirk,10
1864,Russia,Dunkirk,10
1865,Rwanda,Get Out,10
1866,Saint Helena Ascension and Tristan da Cunha,Dunkirk,10
1867,Saint Kitts and Nevis,Get Out,10
1868,Saint Lucia,Lady Bird,10
1869,Saint Vincent and the Grenadines,The Shape of Water,10
1870,Samoa,Dunkirk,10
1871,San Marino,Dunkirk,10
1872,Saudi Arabia,Dunkirk,10
1873,Senegal,Get Out,10
1874,Serbia,Dunkirk,10
1875,Seychelles,Get Out,10
1876,Sierra Leone,Dunkirk,10
1877,Slovakia,Dunkirk,10
1878,Solomon Islands,no_searches,10
1879,Somalia,Dunkirk,10
1880,South Africa,Get Out,10
1881,South Korea,Dunkirk,10
1882,South Sudan,no_searches,10
1883,Spain,Dunkirk,10
1884,Sri Lanka,Dunkirk,10
1885,Sudan,Get Out,10
1886,Suriname,Get Out,10
1887,Swaziland,Get Out,10
1888,Sweden,Dunkirk,10
1889,Switzerland,Dunkirk,10
1890,Syria,Dunkirk,10
1891,São Tomé and Príncipe,no_searches,10
1892,Taiwan,Get Out,10
1893,Tajikistan,Darkest Hour,10
1894,Tanzania,Get Out,10
1895,Thailand,Get Out,10
1896,The Bahamas,Get Out,10
1897,The Gambia,Dunkirk,10
1898,Timor-Leste,no_searches,10
1899,Togo,no_searches,10
1900,Tonga,no_searches,10
1901,Trinidad and Tobago,Get Out,10
1902,Tunisia,Dunkirk,10
1903,Turkey,Dunkirk,10
1904,Turkmenistan,Dunkirk,10
1905,Tuvalu,no_searches,10
1906,Uganda,Get Out,10
1907,Ukraine,Dunkirk,10
1908,United Arab Emirates,Dunkirk,10
1909,United Kingdom,Get Out,10
1910,United States,Get Out,10
1911,Uruguay,Dunkirk,10
1912,Uzbekistan,no_searches,10
1913,Vanuatu,no_searches,10
1914,Venezuela,Get Out,10
1915,Vietnam,Get Out,10
1916,Wallis and Futuna,no_searches,10
1917,Yemen,Dunkirk,10
1918,Zambia,Get Out,10
1919,Zimbabwe,Get Out,10
1920,Afghanistan,Get Out,11
1921,Albania,Get Out,11
1922,Algeria,Dunkirk,11
1923,Andorra,Dunkirk,11
1924,Angola,Dunkirk,11
1925,Antigua and Barbuda,The Post,11
1926,Argentina,Dunkirk,11
1927,Armenia,Dunkirk,11
1928,Australia,Get Out,11
1929,Austria,Get Out,11
1930,Azerbaijan,no_searches,11
1931,Bahrain,Dunkirk,11
1932,Bangladesh,Dunkirk,11
1933,Barbados,"Three Billboards Outside Ebbing, Missouri",11
1934,Belarus,Dunkirk,11
1935,Belgium,Dunkirk,11
1936,Belize,Call Me by Your Name,11
1937,Benin,Get Out,11
1938,Bhutan,Get Out,11
1939,Bolivia,Dunkirk,11
1940,Bosnia and Herzegovina,Lady Bird,11
1941,Botswana,Get Out,11
1942,Brazil,Dunkirk,11
1943,Brunei,Dunkirk,11
1944,Bulgaria,Dunkirk,11
1945,Burkina Faso,Call Me by Your Name,11
1946,Burundi,Darkest Hour,11
1947,Cambodia,Dunkirk,11
1948,Cameroon,Get Out,11
1949,Canada,Get Out,11
1950,Cape Verde,no_searches,11
1951,Caribbean Netherlands,Dunkirk,11
1952,Central African Republic,no_searches,11
1953,Chad,no_searches,11
1954,Chile,Dunkirk,11
1955,China,Lady Bird,11
1956,Colombia,Get Out,11
1957,Comoros,no_searches,11
1958,Costa Rica,Get Out,11
1959,Croatia,Dunkirk,11
1960,Cuba,Dunkirk,11
1961,Cyprus,Dunkirk,11
1962,Czech Republic,Dunkirk,11
1963,Côte d'Ivoire,Get Out,11
1964,Democratic Republic of the Congo,Dunkirk,11
1965,Denmark,Dunkirk,11
1966,Djibouti,Call Me by Your Name,11
1967,Dominica,Dunkirk,11
1968,Dominican Republic,Dunkirk,11
1969,Ecuador,Get Out,11
1970,Egypt,Get Out,11
1971,El Salvador,Get Out,11
1972,Equatorial Guinea,no_searches,11
1973,Eritrea,no_searches,11
1974,Estonia,Dunkirk,11
1975,Ethiopia,Get Out,11
1976,Federated States of Micronesia,no_searches,11
1977,Fiji,Call Me by Your Name,11
1978,Finland,Dunkirk,11
1979,France,Dunkirk,11
1980,Gabon,Get Out,11
1981,Georgia,Get Out,11
1982,Germany,Get Out,11
1983,Ghana,Darkest Hour,11
1984,Greenland,Get Out,11
1985,Grenada,Get Out,11
1986,Guatemala,Dunkirk,11
1987,Guinea,no_searches,11
1988,Guinea-Bissau,no_searches,11
1989,Guyana,Get Out,11
1990,Haiti,Get Out,11
1991,Honduras,Dunkirk,11
1992,Hungary,Dunkirk,11
1993,Iceland,Get Out,11
1994,India,Dunkirk,11
1995,Indonesia,Dunkirk,11
1996,Iran,Dunkirk,11
1997,Iraq,Dunkirk,11
1998,Israel,Get Out,11
1999,Italy,Dunkirk,11
2000,Jamaica,Get Out,11
2001,Japan,Get Out,11
2002,Jordan,Dunkirk,11
2003,Kazakhstan,Dunkirk,11
2004,Kiribati,no_searches,11
2005,Kuwait,Dunkirk,11
2006,Kyrgyzstan,Dunkirk,11
2007,Laos,Dunkirk,11
2008,Latvia,Dunkirk,11
2009,Lebanon,Dunkirk,11
2010,Lesotho,Call Me by Your Name,11
2011,Liberia,Get Out,11
2012,Libya,Dunkirk,11
2013,Liechtenstein,no_searches,11
2014,Lithuania,Dunkirk,11
2015,Luxembourg,Dunkirk,11
2016,Macedonia (FYROM,Dunkirk,11
2017,Madagascar,Get Out,11
2018,Malawi,Call Me by Your Name,11
2019,Malaysia,Dunkirk,11
2020,Maldives,Lady Bird,11
2021,Mali,Dunkirk,11
2022,Marshall Islands,no_searches,11
2023,Mauritania,no_searches,11
2024,Mauritius,Dunkirk,11
2025,Mexico,Dunkirk,11
2026,Moldova,Dunkirk,11
2027,Mongolia,Dunkirk,11
2028,Montenegro,Get Out,11
2029,Morocco,Get Out,11
2030,Mozambique,Dunkirk,11
2031,Myanmar (Burma,Dunkirk,11
2032,Namibia,Get Out,11
2033,Nauru,no_searches,11
2034,Nepal,Dunkirk,11
2035,Netherlands,Dunkirk,11
2036,New Zealand,Get Out,11
2037,Nicaragua,Call Me by Your Name,11
2038,Niger,Call Me by Your Name,11
2039,Nigeria,Get Out,11
2040,Niue,no_searches,11
2041,North Korea,no_searches,11
2042,Norway,Dunkirk,11
2043,Oman,Get Out,11
2044,Pakistan,Dunkirk,11
2045,Palau,no_searches,11
2046,Panama,Get Out,11
2047,Papua New Guinea,Dunkirk,11
2048,Paraguay,Dunkirk,11
2049,Peru,Dunkirk,11
2050,Philippines,Dunkirk,11
2051,Poland,Dunkirk,11
2052,Portugal,Dunkirk,11
2053,Qatar,Dunkirk,11
2054,Republic of the Congo,Get Out,11
2055,Romania,Dunkirk,11
2056,Russia,Dunkirk,11
2057,Rwanda,no_searches,11
2058,Saint Helena Ascension and Tristan da Cunha,Dunkirk,11
2059,Saint Kitts and Nevis,Get Out,11
2060,Saint Lucia,Get Out,11
2061,Saint Vincent and the Grenadines,Get Out,11
2062,Samoa,no_searches,11
2063,San Marino,Dunkirk,11
2064,Saudi Arabia,Dunkirk,11
2065,Senegal,Call Me by Your Name,11
2066,Serbia,Dunkirk,11
2067,Seychelles,Get Out,11
2068,Sierra Leone,Get Out,11
2069,Slovakia,Dunkirk,11
2070,Solomon Islands,Darkest Hour,11
2071,Somalia,Dunkirk,11
2072,South Africa,Get Out,11
2073,South Korea,Dunkirk,11
2074,South Sudan,Get Out,11
2075,Spain,Dunkirk,11
2076,Sri Lanka,Get Out,11
2077,Sudan,Call Me by Your Name,11
2078,Suriname,The Shape of Water,11
2079,Swaziland,Lady Bird,11
2080,Sweden,Dunkirk,11
2081,Switzerland,Dunkirk,11
2082,Syria,Get Out,11
2083,São Tomé and Príncipe,Get Out,11
2084,Taiwan,Get Out,11
2085,Tajikistan,The Post,11
2086,Tanzania,Get Out,11
2087,Thailand,Dunkirk,11
2088,The Bahamas,Get Out,11
2089,The Gambia,The Shape of Water,11
2090,Timor-Leste,no_searches,11
2091,Togo,no_searches,11
2092,Tonga,no_searches,11
2093,Trinidad and Tobago,Get Out,11
2094,Tunisia,Get Out,11
2095,Turkey,Dunkirk,11
2096,Turkmenistan,Get Out,11
2097,Tuvalu,no_searches,11
2098,Uganda,"Three Billboards Outside Ebbing, Missouri",11
2099,Ukraine,Dunkirk,11
2100,United Arab Emirates,Dunkirk,11
2101,United Kingdom,Get Out,11
2102,United States,Get Out,11
2103,Uruguay,Get Out,11
2104,Uzbekistan,Dunkirk,11
2105,Vanuatu,no_searches,11
2106,Venezuela,Get Out,11
2107,Vietnam,Dunkirk,11
2108,Wallis and Futuna,no_searches,11
2109,Yemen,Get Out,11
2110,Zambia,Dunkirk,11
2111,Zimbabwe,Get Out,11
2112,Afghanistan,Dunkirk,12
2113,Albania,Dunkirk,12
2114,Algeria,Dunkirk,12
2115,Andorra,Dunkirk,12
2116,Angola,Dunkirk,12
2117,Antigua and Barbuda,Dunkirk,12
2118,Argentina,Dunkirk,12
2119,Armenia,Dunkirk,12
2120,Australia,Dunkirk,12
2121,Austria,Dunkirk,12
2122,Azerbaijan,Dunkirk,12
2123,Bahrain,Dunkirk,12
2124,Bangladesh,Dunkirk,12
2125,Barbados,Get Out,12
2126,Belarus,Dunkirk,12
2127,Belgium,Dunkirk,12
2128,Belize,Dunkirk,12
2129,Benin,Lady Bird,12
2130,Bhutan,Lady Bird,12
2131,Bolivia,Dunkirk,12
2132,Bosnia and Herzegovina,Dunkirk,12
2133,Botswana,Get Out,12
2134,Brazil,Dunkirk,12
2135,Brunei,Dunkirk,12
2136,Bulgaria,Dunkirk,12
2137,Burkina Faso,Get Out,12
2138,Burundi,Call Me by Your Name,12
2139,Cambodia,Dunkirk,12
2140,Cameroon,"Three Billboards Outside Ebbing, Missouri",12
2141,Canada,Dunkirk,12
2142,Cape Verde,Dunkirk,12
2143,Caribbean Netherlands,no_searches,12
2144,Central African Republic,no_searches,12
2145,Chad,Dunkirk,12
2146,Chile,Dunkirk,12
2147,China,Dunkirk,12
2148,Colombia,Dunkirk,12
2149,Comoros,no_searches,12
2150,Costa Rica,Dunkirk,12
2151,Croatia,Dunkirk,12
2152,Cuba,Dunkirk,12
2153,Cyprus,Dunkirk,12
2154,Czech Republic,Dunkirk,12
2155,Côte d'Ivoire,Get Out,12
2156,Democratic Republic of the Congo,Get Out,12
2157,Denmark,Dunkirk,12
2158,Djibouti,Get Out,12
2159,Dominica,Dunkirk,12
2160,Dominican Republic,Get Out,12
2161,Ecuador,The Shape of Water,12
2162,Egypt,Dunkirk,12
2163,El Salvador,Get Out,12
2164,Equatorial Guinea,Get Out,12
2165,Eritrea,no_searches,12
2166,Estonia,Dunkirk,12
2167,Ethiopia,Darkest Hour,12
2168,Federated States of Micronesia,Dunkirk,12
2169,Fiji,Dunkirk,12
2170,Finland,Dunkirk,12
2171,France,Dunkirk,12
2172,Gabon,Call Me by Your Name,12
2173,Georgia,Dunkirk,12
2174,Germany,Dunkirk,12
2175,Ghana,Get Out,12
2176,Greenland,Get Out,12
2177,Grenada,The Shape of Water,12
2178,Guatemala,Dunkirk,12
2179,Guinea,Call Me by Your Name,12
2180,Guinea-Bissau,no_searches,12
2181,Guyana,Call Me by Your Name,12
2182,Haiti,Dunkirk,12
2183,Honduras,Dunkirk,12
2184,Hungary,Dunkirk,12
2185,Iceland,Dunkirk,12
2186,India,Dunkirk,12
2187,Indonesia,Dunkirk,12
2188,Iran,Dunkirk,12
2189,Iraq,Dunkirk,12
2190,Israel,Dunkirk,12
2191,Italy,Dunkirk,12
2192,Jamaica,Get Out,12
2193,Japan,Get Out,12
2194,Jordan,Dunkirk,12
2195,Kazakhstan,Dunkirk,12
2196,Kiribati,no_searches,12
2197,Kuwait,Dunkirk,12
2198,Kyrgyzstan,Dunkirk,12
2199,Laos,Dunkirk,12
2200,Latvia,Lady Bird,12
2201,Lebanon,Dunkirk,12
2202,Lesotho,Dunkirk,12
2203,Liberia,Call Me by Your Name,12
2204,Libya,Dunkirk,12
2205,Liechtenstein,no_searches,12
2206,Lithuania,Dunkirk,12
2207,Luxembourg,Get Out,12
2208,Macedonia (FYROM,Darkest Hour,12
2209,Madagascar,Dunkirk,12
2210,Malawi,Dunkirk,12
2211,Malaysia,Dunkirk,12
2212,Maldives,Dunkirk,12
2213,Mali,Get Out,12
2214,Marshall Islands,Lady Bird,12
2215,Mauritania,Get Out,12
2216,Mauritius,Get Out,12
2217,Mexico,Dunkirk,12
2218,Moldova,Dunkirk,12
2219,Mongolia,Dunkirk,12
2220,Montenegro,Dunkirk,12
2221,Morocco,Dunkirk,12
2222,Mozambique,Dunkirk,12
2223,Myanmar (Burma,Call Me by Your Name,12
2224,Namibia,"Three Billboards Outside Ebbing, Missouri",12
2225,Nauru,no_searches,12
2226,Nepal,Dunkirk,12
2227,Netherlands,Dunkirk,12
2228,New Zealand,Dunkirk,12
2229,Nicaragua,Dunkirk,12
2230,Niger,Get Out,12
2231,Nigeria,Get Out,12
2232,Niue,no_searches,12
2233,North Korea,no_searches,12
2234,Norway,Dunkirk,12
2235,Oman,Dunkirk,12
2236,Pakistan,Dunkirk,12
2237,Palau,Call Me by Your Name,12
2238,Panama,Dunkirk,12
2239,Papua New Guinea,Dunkirk,12
2240,Paraguay,Dunkirk,12
2241,Peru,Get Out,12
2242,Philippines,Dunkirk,12
2243,Poland,Dunkirk,12
2244,Portugal,Dunkirk,12
2245,Qatar,Dunkirk,12
2246,Republic of the Congo,no_searches,12
2247,Romania,Dunkirk,12
2248,Russia,Dunkirk,12
2249,Rwanda,Get Out,12
2250,Saint Helena Ascension and Tristan da Cunha,Dunkirk,12
2251,Saint Kitts and Nevis,Get Out,12
2252,Saint Lucia,Get Out,12
2253,Saint Vincent and the Grenadines,Get Out,12
2254,Samoa,Dunkirk,12
2255,San Marino,Dunkirk,12
2256,Saudi Arabia,Dunkirk,12
2257,Senegal,Dunkirk,12
2258,Serbia,Dunkirk,12
2259,Seychelles,Dunkirk,12
2260,Sierra Leone,Dunkirk,12
2261,Slovakia,Dunkirk,12
2262,Solomon Islands,no_searches,12
2263,Somalia,Get Out,12
2264,South Africa,Dunkirk,12
2265,South Korea,Dunkirk,12
2266,South Sudan,Get Out,12
2267,Spain,Dunkirk,12
2268,Sri Lanka,Dunkirk,12
2269,Sudan,Dunkirk,12
2270,Suriname,Dunkirk,12
2271,Swaziland,Call Me by Your Name,12
2272,Sweden,Dunkirk,12
2273,Switzerland,Dunkirk,12
2274,Syria,Dunkirk,12
2275,São Tomé and Príncipe,Dunkirk,12
2276,Taiwan,Dunkirk,12
2277,Tajikistan,Dunkirk,12
2278,Tanzania,Dunkirk,12
2279,Thailand,Dunkirk,12
2280,The Bahamas,The Shape of Water,12
2281,The Gambia,Get Out,12
2282,Timor-Leste,Call Me by Your Name,12
2283,Togo,no_searches,12
2284,Tonga,Call Me by Your Name,12
2285,Trinidad and Tobago,Dunkirk,12
2286,Tunisia,Dunkirk,12
2287,Turkey,Dunkirk,12
2288,Turkmenistan,Dunkirk,12
2289,Tuvalu,no_searches,12
2290,Uganda,Get Out,12
2291,Ukraine,Dunkirk,12
2292,United Arab Emirates,Dunkirk,12
2293,United Kingdom,Dunkirk,12
2294,United States,The Shape of Water,12
2295,Uruguay,Get Out,12
2296,Uzbekistan,Dunkirk,12
2297,Vanuatu,Dunkirk,12
2298,Venezuela,Dunkirk,12
2299,Vietnam,Dunkirk,12
2300,Wallis and Futuna,no_searches,12
2301,Yemen,Dunkirk,12
2302,Zambia,Dunkirk,12
2303,Zimbabwe,Lady Bird,12
